{"cameraMode":{"drawMode":0,"name":"Shaded","section":"Shading Mode"},"sceneLighting":true,"audioPlay":false,"sceneViewState":{"m_AlwaysRefresh":false,"showFog":true,"showSkybox":true,"showFlares":true,"showImageEffects":true,"showParticleSystems":true,"showVisualEffectGraphs":true,"m_FxEnabled":true},"in2DMode":false,"pivot":{"x":-0.010408461093902588,"y":0.043746769428253177,"z":-0.011068195104598999},"rotation":{"x":0.2201630175113678,"y":-0.013167954050004483,"z":0.0029723935294896366,"w":0.9753791093826294},"size":0.2317245900630951,"orthographic":true}